driverId,name,ssn,location,certified,wage-plan
10,Krystal Mcmahon,173-55-3433,"72623 Chandler Extensions Suite 026
Dianaside, OK 82392",Y,miles
11,Darrell Shields,558-19-3289,"1405 Martin Throughway Suite 897
Lake Richardborough, SC 01505",Y,hours
12,Robert Reyes,152-19-7433,"USNV Mercado
FPO AA 24599",N,hours
13,Adam Pope,667-96-4424,"981 Jill Lake
Maryburgh, AZ 10552",Y,hours
14,John Wang,078-99-3343,"26648 Christopher Spurs Apt. 668
East Brianna, MP 29199",N,hours
15,Ryan Arroyo,424-19-2232,"USCGC Robinson
FPO AE 22941",N,hours
16,Gina Bryant,770-50-7747,"841 Nichols Inlet Suite 678
East Ian, CA 75782",Y,hours
17,Mark Garcia,680-74-9899,"PSC 3610, Box 7000
APO AP 15219",Y,hours
18,Jason Christensen,779-10-7437,"42509 Baird Islands
Jacksonview, CT 83256",N,hours
19,Adam Harris,764-42-3482,"31089 Jessica Square Apt. 453
Guerreroside, NC 86251",Y,miles
20,Crystal Anderson,324-39-6144,"09473 Reed Well Apt. 375
North Sharon, NM 92311",N,hours
21,David Alexander,743-28-5319,"393 Bennett Stream Apt. 842
Emilyborough, TX 22853",Y,miles
22,Diane Russell,728-12-7421,"6519 Snyder Haven
Bryanside, MT 50171",N,miles
23,Ariel Trujillo,533-90-9937,"0816 Mcguire Loaf Apt. 470
Alisonmouth, ND 50666",Y,miles
24,Autumn Smith,255-32-9330,"695 Travis Plains
East Shelbyport, MS 94561",N,miles
25,Troy Chavez,568-29-7320,"USS Bernard
FPO AE 09466",Y,miles
26,Brenda Blake,366-57-3899,"03342 Anne Lodge
Michaelport, VA 03772",N,hours
27,Christopher Ray,005-67-4362,"984 Jennifer Forest
Garciatown, RI 92232",Y,miles
28,Misty Johnson,754-04-0233,"53869 James Points Apt. 225
North Lorraine, MH 62116",N,miles
29,Marissa Jennings,653-71-2246,"3306 Jill Islands
Angelastad, ID 81757",N,miles
30,Elizabeth Thomas,129-25-6045,"994 Jones Radial
Port Rebecca, IN 37555",N,hours
31,Jason Perez,392-42-7044,"1282 Ashley Bridge
East Kathryn, WA 99366",N,miles
32,Robert Aguilar,800-85-6898,"088 Hill Extensions
Garciaberg, WY 76317",Y,miles
33,Megan Cline,361-98-6351,"0406 Williams Manors
West Derekmouth, NY 33205",N,hours
34,Todd Baker,777-68-0637,"540 Long Trace Suite 140
New Joshua, NJ 57110",N,hours
35,Richard Melton,612-74-8822,"703 Rachel Radial Apt. 596
New Ronaldville, ME 82633",N,miles
36,Megan Durham,097-26-0033,"7114 Shannon Locks
Greenstad, NY 27507",N,miles
37,Marissa Torres,888-22-1214,"013 Edwin Greens Suite 027
Lake Erik, PA 62282",N,hours
38,Karina Stewart,365-29-6080,"45364 James Villages
North Henry, NH 66867",N,miles
39,James Powell,017-30-8100,"653 Taylor Mount
Sharonbury, WY 45358",Y,miles
40,Jennifer Wade,197-97-3384,"0644 Ann Courts Suite 405
West Charlestown, IA 16496",Y,hours
41,Danny Russell,169-69-7012,"1840 Sara Expressway
West Jerry, NE 34692",N,hours
42,Tina Fleming,242-50-1284,"6959 Woods Wall
Lake Robin, CO 20787",Y,hours
43,Joe Jones,168-83-9394,"85445 Fritz Parks Apt. 404
Port Kristinchester, GU 94822",N,hours
44,Maria Oconnell,070-82-0014,"11156 Emily Overpass
West Laurenshire, NE 04381",N,hours
45,Sharon Fields,162-62-4044,"10061 Albert Vista Suite 075
Martinezfort, WA 69002",N,miles
46,Karina King,260-75-7473,"75725 Hawkins River
Michelleberg, MS 66762",Y,hours
47,Ryan Diaz,072-03-7334,"9025 Mark Station
Lake Lisaton, KS 91529",N,miles
48,Maria Tucker,570-24-4639,"41692 Burke Port
Matthewsstad, NE 19669",N,miles
49,Alexander Jones,594-04-6034,"39003 Denise Parkways
West Suzanne, WA 28826",Y,miles
50,Amanda Evans,376-85-2695,"68948 Durham Row
Jamesshire, WI 64466",N,hours
51,Melissa Wu,472-28-6209,"41365 Colin Burgs Suite 702
Karenmouth, NM 64601",Y,hours
52,Renee Charles,658-67-4681,"1670 Mcgee Viaduct Apt. 383
New Robert, OH 47124",Y,hours
53,Benjamin Martin,362-18-3472,"16910 Curtis Loop Apt. 596
North Kathleen, MH 18923",Y,hours
54,Carol Cooper,727-52-1876,"5606 Freeman Shore
New Aaron, FM 05290",N,hours
55,Michael Moore,132-33-8696,"7195 Patricia Ways Suite 269
Shepherdtown, SC 95205",N,miles
56,Wayne Gray,004-39-0120,"093 Brad Island
Shahmouth, MA 80450",Y,miles
57,Andre Williams,716-10-3104,"74286 Smith Pine Apt. 147
East Edward, AR 46818",Y,miles
58,Ashley Davidson,226-64-2997,"27357 David Spurs
East Jessica, MI 48482",N,miles
59,Lance Robinson,187-07-2743,"06944 Cynthia Station Apt. 762
South Keithberg, NE 98330",Y,hours
60,Karen Wagner,286-21-8107,"70397 Amanda Freeway Suite 423
South Travisland, AZ 12361",N,miles
61,Beth Barron,637-76-7407,"100 Gomez Bridge Suite 924
South Rebeccaland, MO 03613",Y,miles
62,Donald Coffey,090-58-8581,"270 Allison Road
East Jason, MS 77776",Y,miles
63,Jorge James,012-76-8344,"6011 Burns Avenue
North Zachary, PR 59511",Y,miles
64,Alison Webb,697-14-2397,"677 Holly Cliffs
New Jeffery, VI 38608",Y,miles
65,Maria Banks,078-86-8704,"2377 Martinez Greens
Julieport, MP 13064",N,hours
66,Nicholas Conner,866-65-6841,"2365 Neal Field Suite 190
South Ashley, PW 08577",Y,miles
67,Jamie Gonzalez,045-97-2787,"7779 Graham Manors
East David, OH 57562",Y,hours
68,Michael Perry,466-21-6484,"502 Benton Manor Apt. 291
Cheyennehaven, IN 54334",Y,hours
69,Michael Ochoa,011-65-4567,"4119 Rangel Mews
North Stacy, AL 21002",Y,miles
70,Justin Morris,015-34-7926,"073 Rogers Path
Grayport, IA 47246",Y,miles
71,Rachael Johnson,516-07-1935,"867 William Avenue
Lake Katelyn, RI 06150",N,miles
72,David Gutierrez,610-43-4088,"362 Hicks Fords Suite 793
Port Jennifer, LA 18716",N,miles
73,Morgan Harris,580-23-0421,"PSC 8728, Box 9001
APO AE 73110",N,hours
74,Jackson Sandoval,534-71-5788,"2184 Thomas Row Suite 609
New Matthew, IL 92596",Y,miles
75,Laura Lee,628-56-6581,"81906 Kimberly Run
Kelliehaven, LA 61601",N,miles
76,David Cruz,616-70-8308,"271 Burton Walks Apt. 581
Jennifermouth, WY 52020",N,hours
77,Gary Dickson,294-02-8076,"270 Rasmussen Route
Wigginsview, LA 32267",Y,hours
78,Courtney Douglas,201-84-3978,"37024 Deleon Trafficway Suite 551
Phillipsberg, VI 53677",N,miles
79,Timothy Hancock,060-67-9879,"568 Lopez Lodge Apt. 072
East Zachary, GU 26051",N,hours
80,Kristen Rivera,534-20-3635,"47377 Michael Village
Stephanieburgh, RI 73447",Y,hours
81,Kenneth Mcdonald,072-15-5873,"262 Warner Motorway
Brownton, VT 56896",N,hours
82,Katherine Miller,248-74-1502,"18693 Brandon Fields
Karenview, NH 58131",Y,hours
83,Randy Collins,151-54-3055,"60071 April Stravenue Apt. 376
North Wandashire, DC 56198",N,miles
84,Lisa Clark,511-05-7001,"360 Crystal Highway Apt. 923
Samanthaland, NJ 76645",N,hours
85,Kathleen Moreno,762-89-2599,"1073 Huffman Plain
Veronicamouth, MO 47471",Y,miles
86,Carolyn Kelly,878-57-3931,"PSC 2296, Box 5273
APO AA 89891",Y,hours
87,Margaret Frey,641-88-3653,"7538 Stanley Mills Suite 398
Tammyfort, PR 71360",Y,miles
88,Andrea Smith,590-24-3417,"247 Jennifer Estates
East Laurenstad, DC 20831",N,hours
89,Jacob Butler,446-18-1915,"344 Thomas Loaf Suite 434
South Colin, OK 07148",N,hours
90,Edgar Morales,024-78-7162,"PSC 7238, Box 8580
APO AE 66539",Y,miles
91,Jesse Gibbs,422-08-3600,"389 Hughes Rest Apt. 079
Roseville, UT 94394",Y,hours
92,Elizabeth Johnson,142-28-1880,"2126 Kimberly Mountain Apt. 793
Ginaview, CT 85225",N,hours
93,Hannah Smith,185-04-0796,"5595 Patricia Passage Apt. 706
Keithtown, WI 02876",Y,hours
94,Cassandra Nguyen,384-59-0705,"3516 Pamela Roads
North Ryan, NH 01284",Y,hours
95,Eric Sexton,004-53-8378,"308 Michelle Lodge
Lake Gabriel, GA 74176",N,hours
96,Elizabeth Randall,775-18-3149,"17899 Crosby Street
Erikabury, FL 63873",Y,hours
97,Sharon Kim,784-20-5056,"9369 Isaiah Creek Suite 014
North Dawn, AZ 98253",Y,miles
98,Victor Herring,781-22-6437,"7362 Kevin Mountain
Lake Brittney, MI 81291",N,miles
99,Joshua French,460-23-5271,"694 Garcia Canyon
Port Adam, AK 21938",Y,miles
100,Aaron Hall,568-35-1513,"6940 David Grove
East Jose, WV 17239",N,hours
101,David Anderson,201-41-3269,"839 Jose Plains Suite 051
Matthewsburgh, NM 48706",Y,hours
102,Rita Carter MD,183-79-8505,"061 Bright Springs
Smithchester, IL 65353",Y,hours
103,Sonya Garcia,820-28-5448,"USNV Winters
FPO AA 06674",Y,hours
104,Jennifer Thompson,861-28-2372,"4287 Ballard Fields
South Mariahchester, FM 06033",N,miles
105,Beth Johnson,078-85-7237,"246 Hayes Track Apt. 390
Baileyfort, IN 06153",N,hours
106,Margaret Oconnor,068-16-8265,"281 Joseph Courts
Vincenthaven, AK 35814",Y,miles
107,Leroy Hernandez,420-34-2215,"55604 Hamilton Lodge
Port Jessicafurt, UT 19203",Y,hours
108,Crystal Barnes,552-06-8313,"63556 Jennifer Dale
Emilymouth, MO 30905",N,hours
109,Andrea Adams,509-97-2620,"1934 Brian Burg Apt. 468
Annborough, VT 10485",Y,hours
